{"cameraMode":{"drawMode":0,"name":"Shaded","section":"Shading Mode"},"sceneLighting":true,"audioPlay":false,"sceneViewState":{"m_AlwaysRefresh":false,"showFog":true,"showSkybox":true,"showFlares":true,"showImageEffects":true,"showParticleSystems":true,"showVisualEffectGraphs":true,"m_FxEnabled":true},"in2DMode":false,"pivot":{"x":-5.431118011474609,"y":9.567030906677246,"z":-31.351184844970704},"rotation":{"x":-0.22311584651470185,"y":0.050278518348932269,"z":-0.011496029794216156,"w":-0.9734460115432739},"size":11.364665985107422,"orthographic":false}